cid,first_name,last_name,email,ssn,picture,phone,location,full_name
1,Jolynn,Bithany,jbithany0@multiply.com,609-38-5573,,899-271-2769,a7b8c114-78e0-441d-8ad2-560f92636841,Jolynn Bithany
2,Mord,Pettus,mpettus1@squidoo.com,368-35-8474,,208-732-1985,bd7808d0-295b-47f6-bd4e-212dc920e506,Mord Pettus
3,Lavinie,Stannislawski,lstannislawski2@cornell.edu,786-89-6365,,333-717-7657,d5cff771-d394-4f9a-a647-fbd655a32774,Lavinie Stannislawski
4,Kimball,Evenett,kevenett3@php.net,395-55-1974,,219-646-1952,78c563ee-68bd-4d14-b457-4e3efe4a87cd,Kimball Evenett
5,Linnie,Meatcher,lmeatcher4@blogger.com,300-01-1393,,402-387-2626,80c5e889-c13b-4893-b1d5-0b923212bb22,Linnie Meatcher
6,Lorens,Stoneley,lstoneley5@angelfire.com,501-86-8025,,531-636-0919,801acd8a-88c4-4a8c-9811-0f095efe75ce,Lorens Stoneley
7,Juliane,Gerhartz,jgerhartz6@oaic.gov.au,546-61-8585,,726-216-1710,39f6cc62-ae6f-40f0-af13-12062b71855e,Juliane Gerhartz
8,Jacob,O'Lyhane,jolyhane7@over-blog.com,117-37-2432,,199-264-5755,9e007337-d95a-47b0-9595-12f6e96e6a4d,Jacob O'Lyhane
9,Terrel,Seller,tseller8@odnoklassniki.ru,656-72-6565,,777-477-2184,7023ee5b-ed5a-4260-8ae1-f4602f6f1d5c,Terrel Seller
10,Jannel,Gawthrope,jgawthrope9@behance.net,134-46-1558,,761-323-1169,3d39aaa7-3453-416e-9db7-6fab124904eb,Jannel Gawthrope
11,Othello,Gittens,ogittensa@go.com,140-39-7991,,849-116-4308,86b2b388-ae14-455a-8a06-7aaccbf675a2,Othello Gittens
12,Lombard,Feedome,lfeedomeb@umn.edu,647-10-0469,,988-616-7035,c5f89765-8175-4d08-8281-c41db7f2d35c,Lombard Feedome
13,Catlin,Seatter,cseatterc@prnewswire.com,303-73-2509,,473-282-0944,81d8add3-476e-4d7a-9e88-461e3c7c103c,Catlin Seatter
14,Verina,Prewer,vprewerd@merriam-webster.com,216-08-7436,,791-896-3652,cdd1edfd-7090-4c62-976e-dbce3ac3b444,Verina Prewer
15,Cristie,Toombes,ctoombese@google.es,846-21-7742,,670-593-2768,15cb60ea-7fb8-434d-93d3-bda0c7ec0c18,Cristie Toombes
16,Archambault,Huburn,ahuburnf@tmall.com,566-19-9100,,673-703-9466,f1c8cc56-f45e-4420-bcb4-08e3824c3fd7,Archambault Huburn
17,Jehu,Echallie,jechallieg@ox.ac.uk,822-11-3720,,247-577-7514,184189f7-f2ca-4c55-9758-931237882751,Jehu Echallie
18,Rosanne,L'argent,rlargenth@jiathis.com,349-15-3336,,521-203-1082,4c806596-aac4-4ab8-a6f8-ac4a1455e5e0,Rosanne L'argent
19,Morrie,Twomey,mtwomeyi@huffingtonpost.com,313-83-4757,,328-518-6771,d789d551-9170-45f0-b842-9edd21ccf674,Morrie Twomey
20,Lyndy,Barreau,lbarreauj@dion.ne.jp,527-17-2180,,818-506-8743,32911b8c-5e79-4a92-b824-4768568f0953,Lyndy Barreau
21,Ellwood,Scolland,escollandk@ucsd.edu,746-94-9121,,687-373-8224,16005794-aa2e-41ee-96ba-d536b80e0a62,Ellwood Scolland
22,Meriel,Ksandra,mksandral@vkontakte.ru,438-24-3929,,473-899-8023,b2e4dcbf-e970-44dc-870e-db3552aad920,Meriel Ksandra
23,Edan,Slisby,eslisbym@answers.com,385-14-3994,,192-732-1641,21e85fed-d507-4afb-85e5-c46ea7d6393e,Edan Slisby
24,Fremont,Jerdan,fjerdann@tuttocitta.it,166-25-7820,,172-864-4832,c8c75f34-0860-40e4-a1ae-29e708752c25,Fremont Jerdan
25,Devora,Hoggin,dhoggino@indiatimes.com,434-97-7345,,168-858-2944,1b1e032e-b889-4b7c-b93f-0f56c5c01ac0,Devora Hoggin
26,Frayda,Triebner,ftriebnerp@miibeian.gov.cn,274-39-4699,,173-824-6918,48b8b462-3956-4650-b096-b67d652b4136,Frayda Triebner
27,Joyan,Koppel,jkoppelq@vimeo.com,563-04-0713,,443-512-3052,f9ddf052-f2c2-44e5-9991-722fda6191db,Joyan Koppel
28,Talia,Roullier,troullierr@google.fr,401-58-0548,,802-110-8672,ad08b8d4-ca2c-4107-9499-23fdd04c6840,Talia Roullier
29,Zared,Gilbride,zgilbrides@jalbum.net,775-75-7721,,510-426-1218,d407ee39-8016-4a5d-a598-ce31eeb5c104,Zared Gilbride
30,Giusto,Daniely,gdanielyt@google.de,707-12-8109,,402-659-3905,de2d8061-8931-4034-8803-da5fa14c6b81,Giusto Daniely
31,Hannis,Broughton,hbroughtonu@tinyurl.com,632-27-3690,,124-816-8313,cdd1edfd-7090-4c62-976e-dbce3ac3b444,Hannis Broughton
32,Chantalle,Holgan,cholganv@google.pl,342-73-1250,,670-653-4652,3ce7f303-73e9-44e8-b8a4-9244a93e08df,Chantalle Holgan
33,Maura,Casini,mcasiniw@nsw.gov.au,383-88-1536,,256-205-9833,13e29208-fc29-41cb-9239-f96c82a70528,Maura Casini
34,Sophie,Teese,steesex@simplemachines.org,429-37-9975,,726-187-9782,563697fa-5a35-44ff-9e4e-5c356e03f2b5,Sophie Teese
35,Brucie,Salmon,bsalmony@gravatar.com,289-13-1626,,452-920-0285,73a66242-624f-4688-9169-8cec77c64227,Brucie Salmon
36,Shellie,Blainey,sblaineyz@example.com,716-19-3920,,385-542-8796,b76b0a1b-d98c-431c-901d-601259ffa5cf,Shellie Blainey
37,Sheffy,Giggs,sgiggs10@dion.ne.jp,113-08-0152,,996-778-9417,614760d4-c566-4795-b270-53ffd7b6d8ed,Sheffy Giggs
38,Euphemia,Nyles,enyles11@goodreads.com,461-09-0349,,168-605-8650,c7a2ed72-5c91-485e-8a36-e08f27cf69c7,Euphemia Nyles
39,Alena,Mingardi,amingardi12@mayoclinic.com,715-96-9428,,930-533-2420,3db3b5e8-7431-4e36-a550-e5fe14bc99d3,Alena Mingardi
40,Kori,Forshaw,kforshaw13@freewebs.com,566-05-7403,,918-343-4615,bee9c0a6-2ea2-453b-a068-8ba9dc9bb7fc,Kori Forshaw
41,Sabra,Milier,smilier14@prlog.org,856-75-1316,,295-747-1490,249ec012-7347-4b84-a80f-ae348f147dc2,Sabra Milier
42,Pauletta,Sonnenschein,psonnenschein15@theguardian.com,780-96-6126,,431-206-1799,c1dc76b7-35e7-4567-8cba-b182c7e4485e,Pauletta Sonnenschein
43,Sherwin,Guillon,sguillon16@photobucket.com,698-57-9894,,201-373-5098,3e7ecb00-6f08-4ed3-ab83-60e2907d898b,Sherwin Guillon
44,Lu,Brigstock,lbrigstock17@google.es,391-77-0096,,892-946-3786,82ea47c0-fffc-4ec0-ba04-52b614f05b46,Lu Brigstock
45,Legra,Stennard,lstennard18@domainmarket.com,543-56-4438,,512-404-6287,5909bf4f-1d88-449a-9573-a9347e996093,Legra Stennard
46,Adolphus,Reilinger,areilinger19@blogger.com,432-53-7343,,200-990-1377,3ce7f303-73e9-44e8-b8a4-9244a93e08df,Adolphus Reilinger
47,Lavena,Coughlan,lcoughlan1a@com.com,457-24-3083,,407-674-7244,5a93c1e4-c21b-4d30-b114-8e756cce677d,Lavena Coughlan
48,Darrin,Sambiedge,dsambiedge1b@edublogs.org,750-01-4854,,215-763-7319,52f963d5-c509-4419-8de7-c455a96eb993,Darrin Sambiedge
49,Renaud,Boddymead,rboddymead1c@nhs.uk,441-50-2860,,640-448-0912,b4fdd51a-806f-4c2f-9529-2971a360d5b2,Renaud Boddymead
50,Tremaine,Hess,thess1d@marketwatch.com,130-46-7876,,932-350-8068,39a437a5-7dff-476c-b14d-027ccc05a1ab,Tremaine Hess
51,Vi,Godsal,vgodsal1e@sun.com,582-14-9140,,202-603-4083,39f6cc62-ae6f-40f0-af13-12062b71855e,Vi Godsal
52,Gayelord,Tomlin,gtomlin1f@webeden.co.uk,569-04-4219,,323-507-3349,64e664fa-db30-4e44-9ff1-46b1003478bb,Gayelord Tomlin
53,Claudette,Stoute,cstoute1g@auda.org.au,791-17-5979,,233-178-8263,38c70528-3a56-4bd0-b16e-d2e3831564fd,Claudette Stoute
54,Verile,Laborda,vlaborda1h@sina.com.cn,402-87-7299,,836-549-2245,6d596ce7-fc64-4d78-ae09-5ea937de39d1,Verile Laborda
55,Reamonn,Creyke,rcreyke1i@drupal.org,253-22-0606,,117-214-5202,90601135-0eac-4048-b0cc-946a031aadac,Reamonn Creyke
56,Norman,Kretschmer,nkretschmer1j@jugem.jp,479-47-1699,,128-399-6938,3d39aaa7-3453-416e-9db7-6fab124904eb,Norman Kretschmer
57,Kiri,Linnemann,klinnemann1k@mashable.com,743-64-9678,,961-672-6347,04367d2e-4229-4f93-aad7-9af3ee1ed058,Kiri Linnemann
58,Christoffer,Fuchs,cfuchs1l@example.com,722-30-6461,,130-352-0390,41d18b72-bb2c-4da7-82d7-c2d015c7aa22,Christoffer Fuchs
59,Robers,Armer,rarmer1m@house.gov,540-81-0985,,810-253-2233,d1bef4c9-9ed1-4cd8-b8b3-804d503a152d,Robers Armer
60,Gertrud,Pountney,gpountney1n@linkedin.com,221-10-7949,,128-375-0745,c5f89765-8175-4d08-8281-c41db7f2d35c,Gertrud Pountney
61,Brigida,Legon,blegon1o@cnet.com,858-62-5178,,504-853-2495,9e007337-d95a-47b0-9595-12f6e96e6a4d,Brigida Legon
62,Rebecka,Meineck,rmeineck1p@odnoklassniki.ru,205-35-5455,,508-263-5120,f18ac0c1-c6e4-4a3b-84a1-ba06bbcee23c,Rebecka Meineck
63,Enrique,Posnette,eposnette1q@yahoo.com,159-29-4786,,203-525-2068,ec012f29-c7c9-4fe6-a3d3-21a75eb52808,Enrique Posnette
64,Pedro,Lamden,plamden1r@google.com.hk,492-89-9182,,496-701-2555,d8cf0275-0947-4204-8949-a50466211041,Pedro Lamden
65,Delora,Goodhew,dgoodhew1s@lulu.com,439-15-5873,,801-180-9626,44a857a0-ec17-419a-b5eb-20776c6c1ea0,Delora Goodhew
66,Claudelle,Frost,cfrost1t@uiuc.edu,366-14-1723,,419-208-3309,20d02de5-2d90-4243-9aec-42b16655692a,Claudelle Frost
67,Rayner,Angelini,rangelini1u@trellian.com,618-25-7717,,295-577-6923,69bbee79-a44d-40ef-9dc1-09e1947eb624,Rayner Angelini
68,Fairleigh,Fones,ffones1v@springer.com,644-47-7727,,291-246-8000,d072d1b9-d905-42bd-9d35-9217677c01c5,Fairleigh Fones
69,Layne,Yexley,lyexley1w@cyberchimps.com,825-01-1848,,497-651-6871,8d2158a2-6b03-47c4-b79f-7e1e3cb7a4e0,Layne Yexley
70,Conny,Wraighte,cwraighte1x@liveinternet.ru,105-56-9906,,912-492-0827,25c67468-9875-4132-a24c-455a27044139,Conny Wraighte
71,Ron,Andreichik,randreichik1y@so-net.ne.jp,139-24-3482,,754-541-2738,22973edc-c489-4a80-a767-0bf1d8040a57,Ron Andreichik
72,Bard,Oxnam,boxnam1z@addtoany.com,539-89-2098,,286-784-1575,1c5254a9-46e3-44ec-b734-790931313476,Bard Oxnam
73,Killian,Battelle,kbattelle20@elpais.com,762-83-4324,,257-984-8206,184189f7-f2ca-4c55-9758-931237882751,Killian Battelle
74,Barbara-anne,Gaymar,bgaymar21@tinyurl.com,611-99-2211,,974-468-3701,176e0612-60cc-4f70-bf94-42f99b70910c,Barbara-anne Gaymar
75,Moore,Jado,mjado22@taobao.com,566-20-8513,,541-927-8040,cb36e04e-9f75-47cb-b9f4-34e766f665f0,Moore Jado
76,Bellina,Orrow,borrow23@sogou.com,798-36-2511,,660-141-9618,63c31a0b-5b5d-4e22-ae88-4a728f8a066c,Bellina Orrow
77,Gay,Langdon,glangdon24@guardian.co.uk,187-19-1006,,296-498-1490,71292c49-9074-43db-8018-b6b9a9aa55a2,Gay Langdon
78,Myron,Battell,mbattell25@booking.com,168-97-8893,,130-109-3080,9203d92f-ca88-44d7-88de-86ffd22c9ce5,Myron Battell
79,Jacky,Sundin,jsundin26@amazon.com,656-56-6574,,709-472-4728,7f5a8711-ba1d-4a21-b667-da7d59207a77,Jacky Sundin
80,Erna,Leming,eleming27@jimdo.com,313-24-8187,,504-814-3205,fb894136-ceaa-4f3c-83b3-522467c23539,Erna Leming
81,Sarge,Lay,slay28@typepad.com,639-74-9646,,600-585-5295,16419e04-c48b-4f04-b060-cfb2b0c2ecdc,Sarge Lay
82,Ulysses,Turley,uturley29@thetimes.co.uk,327-33-0841,,670-970-3772,1c3b08d7-ca55-4226-974e-3113e941cfc6,Ulysses Turley
83,Sinclair,Grishakov,sgrishakov2a@dedecms.com,263-13-6166,,151-778-3678,48993b26-ceba-409c-94c9-9720a2d7a1a8,Sinclair Grishakov
84,Nickie,Carlsen,ncarlsen2b@mozilla.com,780-18-9529,,552-866-0694,8f18a168-e1b3-4f1c-b81c-8cc232fa73d8,Nickie Carlsen
85,Ange,Cubuzzi,acubuzzi2c@bing.com,856-66-3346,,500-842-8305,75e1b651-5117-43ae-9e19-70708d8552fe,Ange Cubuzzi
86,Milty,Allardyce,mallardyce2d@samsung.com,535-46-9333,,735-697-9482,d5788c7a-0ae9-494b-80a0-f674b40ba25b,Milty Allardyce
87,Mark,Gyver,mgyver2e@drupal.org,841-49-7560,,191-358-5166,c3ab2626-321e-4599-9077-9da2f89e695b,Mark Gyver
88,Marlane,Shadwick,mshadwick2f@xing.com,731-17-8646,,486-833-0801,d2b31bd9-cd91-4665-942a-d25e105a722e,Marlane Shadwick
89,Sheena,Guiso,sguiso2g@mail.ru,530-55-2339,,308-601-5691,89f86072-fba4-4d97-bfc2-9803cd83a77e,Sheena Guiso
90,Tamar,Banghe,tbanghe2h@amazon.co.jp,543-43-8682,,831-502-7452,6e128ef8-75a2-4569-9dbf-a2bf2d0f236d,Tamar Banghe
91,Hodge,Danilewicz,hdanilewicz2i@woothemes.com,849-59-9970,,230-468-5506,a29d8bbd-5e15-48d4-8141-e10f74a1c655,Hodge Danilewicz
92,Gonzales,Hearse,ghearse2j@prweb.com,690-28-1020,,423-914-4305,671a6ffa-4649-4a62-9c82-16c6baa92c2e,Gonzales Hearse
93,Stearn,Menchenton,smenchenton2k@bluehost.com,439-01-4579,,690-926-5543,964948a2-46ba-4ecd-91b3-1cc24c2f81c2,Stearn Menchenton
94,Edee,Breakwell,ebreakwell2l@soup.io,794-01-7779,,793-920-4219,07f7334d-3d0b-4dac-a403-a3ba0f911fcf,Edee Breakwell
95,Janel,Bettington,jbettington2m@gravatar.com,790-78-4933,,416-981-9238,d86a2c6b-4bec-4c02-9b28-deac89f2297f,Janel Bettington
96,Rochester,Crittal,rcrittal2n@blogger.com,534-48-3778,,582-427-2895,07b64582-11b9-49a3-a020-52224e535f83,Rochester Crittal
97,Jade,Grichukhin,jgrichukhin2o@opera.com,638-08-2006,,268-953-8527,bc4632bd-d7f4-4504-aa78-b871dfb5a628,Jade Grichukhin
98,Husein,Kryzhov,hkryzhov2p@mozilla.com,282-51-4665,,495-328-1672,c695382a-3a78-4795-a0fa-bbbb98e58c4d,Husein Kryzhov
99,Dale,Minton,dminton2q@pen.io,369-04-2155,,427-610-6337,bbb287d1-46a1-48eb-aa29-dadf08cfce68,Dale Minton
100,Garrott,Treadgall,gtreadgall2r@weebly.com,361-83-7336,,693-968-9283,f4494ffc-9e78-4c2d-9cef-dfbab3f8431e,Garrott Treadgall
101,Megan,Ryle,mryle2s@java.com,641-71-0114,,281-703-1622,d9304f53-6a0f-4f80-8f84-ec0090cc9b7f,Megan Ryle
102,Haskel,Ferreres,hferreres2t@mozilla.org,296-35-4085,,642-149-6666,3651d4d4-f363-4f83-8fe3-c65831491f30,Haskel Ferreres
103,Armando,Losel,alosel2u@home.pl,686-48-9619,,452-191-5692,06f3c733-d364-4ad9-92a1-ce8f4622a26f,Armando Losel
104,Irene,Haskett,ihaskett2v@yolasite.com,432-21-5938,,996-787-1249,8d2158a2-6b03-47c4-b79f-7e1e3cb7a4e0,Irene Haskett
105,Kendricks,Cribbin,kcribbin2w@geocities.jp,780-36-6936,,128-869-4997,bd3508e6-88e7-4e2a-8716-ae2b5352db3b,Kendricks Cribbin
106,Brooke,Tarquini,btarquini2x@sitemeter.com,789-83-0658,,889-579-8882,f1294f9e-81ee-4664-b09b-3af98913c62b,Brooke Tarquini
107,Alisun,Flemmich,aflemmich2y@diigo.com,611-75-2704,,955-687-4420,afebe707-509e-461b-92eb-698cc1e984e4,Alisun Flemmich
108,Lalo,Beloe,lbeloe2z@seesaa.net,584-99-4528,,631-499-9294,70a2a877-3a0a-4cf3-813a-24f3a440426a,Lalo Beloe
109,Magnum,Sissens,msissens30@newyorker.com,127-42-3873,,283-535-4077,4b961d0b-73c3-4d08-b670-ae3fc0b06e17,Magnum Sissens
110,Clara,Caulfield,ccaulfield31@cocolog-nifty.com,761-17-6166,,633-795-5099,89fc68bf-592c-4aea-8861-30a97e0ffc16,Clara Caulfield
111,Mariya,Megson,mmegson32@twitpic.com,652-75-0715,,378-281-7220,5d642b5a-94c7-492c-ab27-bf8588f09180,Mariya Megson
112,Neill,Calwell,ncalwell33@wiley.com,843-51-9534,,414-942-9822,5a93c1e4-c21b-4d30-b114-8e756cce677d,Neill Calwell
113,Esteban,Tuminini,etuminini34@bandcamp.com,685-56-6901,,311-356-7951,0276edf2-6c25-4264-b695-5cc115800538,Esteban Tuminini
114,Ansley,Train,atrain35@theatlantic.com,183-90-3309,,361-796-3875,b3871d73-38da-4599-9fed-f7b4ad531b41,Ansley Train
115,Elizabet,Viscovi,eviscovi36@taobao.com,627-42-4236,,916-358-7576,29c6c399-d5b9-490f-babf-8b009699b826,Elizabet Viscovi
116,Jonathon,Denis,jdenis37@pbs.org,707-32-3454,,752-301-9327,b15c9f31-93db-40e7-b225-13d71b1960d9,Jonathon Denis
117,Richardo,McGucken,rmcgucken38@usda.gov,899-19-8374,,719-747-6111,3b499ff1-8e16-4bc0-9324-03aaa2aaaff5,Richardo McGucken
118,Nanny,Nutt,nnutt39@springer.com,879-37-0029,,940-574-7513,57e2f64c-29e6-438a-9f48-ff35794b3805,Nanny Nutt
119,Annette,Gotcliffe,agotcliffe3a@alexa.com,411-04-2630,,801-507-5975,d5cff771-d394-4f9a-a647-fbd655a32774,Annette Gotcliffe
120,Cherie,Simmon,csimmon3b@nydailynews.com,366-87-6076,,852-129-2729,ca75b319-311a-485d-a1fe-0837f79db7e0,Cherie Simmon
121,Faunie,Mitchinson,fmitchinson3c@washingtonpost.com,765-40-6392,,229-327-0181,965fb636-a7cb-47d6-99e7-7ad7f955e736,Faunie Mitchinson
122,Johann,Pargiter,jpargiter3d@infoseek.co.jp,351-80-5396,,731-932-2036,9f93c735-e4ee-40c7-8edc-b37c98acf709,Johann Pargiter
123,Martina,Polet,mpolet3e@csmonitor.com,529-42-3664,,581-317-8056,6849eca0-ae70-481a-b916-0d2eaf7a565d,Martina Polet
124,Wilone,Bampfield,wbampfield3f@biglobe.ne.jp,313-93-1280,,543-931-1956,08b02f43-2ffb-4a40-9b42-5733eb58221f,Wilone Bampfield
125,Jaye,Holsey,jholsey3g@google.cn,522-04-4164,,393-157-1477,404ec6e1-e047-4c4a-a2ea-619c9d994a30,Jaye Holsey
126,Orville,Ritter,oritter3h@ca.gov,399-38-9903,,490-637-9900,c9988819-d606-4ca9-b5cc-0a3c29b4a351,Orville Ritter
127,Jocelyn,Baniard,jbaniard3i@cloudflare.com,345-60-6238,,823-427-6869,7b10c4f9-ee36-4ffc-b823-e52bb98b9d59,Jocelyn Baniard
128,Dicky,Avon,davon3j@wired.com,546-88-5958,,843-359-5152,633ec1e1-d160-4bea-bbe6-66f89679e035,Dicky Avon
129,Phillie,Hutsby,phutsby3k@cornell.edu,397-87-7650,,930-461-9946,c1dc76b7-35e7-4567-8cba-b182c7e4485e,Phillie Hutsby
130,Gaile,Kainz,gkainz3l@amazon.com,546-32-4976,,720-305-0319,c53a4698-86a7-40af-b6d4-b6a2a9dc206f,Gaile Kainz
131,Jaynell,Holberry,jholberry3m@feedburner.com,329-63-4230,,994-580-4593,951b1e48-f88b-4dee-bcc9-a7c1548b77cf,Jaynell Holberry
132,Matias,Quarton,mquarton3n@constantcontact.com,632-82-9264,,836-160-3879,836b130a-bac9-46e6-b2a1-a38bccf6c62d,Matias Quarton
133,Rosa,Winward,rwinward3o@slate.com,145-53-9514,,826-643-4068,84f77cda-d13b-4cc5-a4f9-36378ddc0fbd,Rosa Winward
134,Fenelia,Desmond,fdesmond3p@cafepress.com,129-11-0798,,202-916-7108,f4494ffc-9e78-4c2d-9cef-dfbab3f8431e,Fenelia Desmond
135,Clarette,Puddifer,cpuddifer3q@dailymotion.com,247-59-6495,,435-598-5279,023c1ad8-0df5-4adf-a698-0d079f9c871b,Clarette Puddifer
136,Izzy,See,isee3r@prlog.org,868-28-3930,,315-211-1223,11981528-de65-4cd4-a0cb-336e78c5982b,Izzy See
137,Patric,Casillas,pcasillas3s@umich.edu,689-51-8566,,109-836-1651,21e85fed-d507-4afb-85e5-c46ea7d6393e,Patric Casillas
138,Avivah,Carlino,acarlino3t@home.pl,601-27-5576,,419-526-0746,e6bc3b41-5caa-4eae-b470-53acd804afa0,Avivah Carlino
139,Rina,Cleife,rcleife3u@nytimes.com,737-79-9232,,744-157-9825,6fc4c4da-fb44-436f-be8f-99753f1a4712,Rina Cleife
140,Dolf,O' Brian,do3v@un.org,850-51-3257,,806-434-6510,ffd4ddea-4ac2-4b32-b479-fa5035327744,Dolf O' Brian
141,Veradis,Blemen,vblemen3w@cornell.edu,518-40-0225,,200-639-5196,b107b62a-84c6-4bbe-903e-8b2c29dce5eb,Veradis Blemen
142,Dari,Aingell,daingell3x@cbc.ca,120-46-0330,,730-605-2737,d407ee39-8016-4a5d-a598-ce31eeb5c104,Dari Aingell
143,Kattie,Sullly,ksullly3y@youtu.be,820-83-7499,,884-485-5442,b20ee808-327b-40c1-8b44-d7056f456846,Kattie Sullly
144,Fayette,Mor,fmor3z@sciencedirect.com,604-28-2961,,586-711-9887,04367d2e-4229-4f93-aad7-9af3ee1ed058,Fayette Mor
145,Jacques,Avent,javent40@sciencedaily.com,616-41-5420,,640-709-1027,82ea47c0-fffc-4ec0-ba04-52b614f05b46,Jacques Avent
146,Merilyn,Bembrick,mbembrick41@ucla.edu,751-40-3238,,178-310-2347,bb60739b-9c76-4fcd-ac94-4da5f7ee09a4,Merilyn Bembrick
147,Jacqueline,Tellenbach,jtellenbach42@marketwatch.com,220-63-3145,,165-961-8668,27db3557-f8e7-469f-ab30-01287ab5f05f,Jacqueline Tellenbach
148,Ludvig,Warbeys,lwarbeys43@taobao.com,798-76-8774,,286-708-8424,34f5f777-16ad-4b83-800b-c7eddd5ddfe0,Ludvig Warbeys
149,Arch,Lehr,alehr44@instagram.com,234-68-7298,,113-402-3904,0b0c1120-e77c-4509-8a46-339be515ebbd,Arch Lehr
150,Gregor,Paoli,gpaoli45@biblegateway.com,281-40-7055,,324-362-3544,e9666fab-b26c-4957-bf02-1dd843745c06,Gregor Paoli
151,Donall,Skally,dskally46@nasa.gov,335-29-4652,,472-637-8741,08b02f43-2ffb-4a40-9b42-5733eb58221f,Donall Skally
152,Horatio,Derkes,hderkes47@vistaprint.com,155-53-9156,,444-279-7072,de2d8061-8931-4034-8803-da5fa14c6b81,Horatio Derkes
153,Donovan,Uridge,duridge48@dyndns.org,778-61-9972,,347-278-1186,fcea4c85-db20-4f59-a97f-1902365fbb02,Donovan Uridge
154,Gerick,Gowen,ggowen49@arizona.edu,355-66-6025,,696-191-2420,97b2e27c-ca23-4429-9713-2f0a3d73ffcd,Gerick Gowen
155,Siffre,Buzzing,sbuzzing4a@hexun.com,579-61-8695,,141-895-3349,7c8ab1be-e4e1-44b4-b4f7-3008f2fd1cba,Siffre Buzzing
156,Dori,Hames,dhames4b@liveinternet.ru,333-71-2774,,767-558-7229,6f25096b-7e1e-42e0-8560-2249f6049ab9,Dori Hames
157,Mattias,Pendell,mpendell4c@disqus.com,801-29-6230,,431-957-7138,ce499589-9870-4c58-a6d9-4d43fbc040fd,Mattias Pendell
158,Reider,Biddles,rbiddles4d@tamu.edu,767-77-3144,,569-860-0546,e5d4831f-6e08-414c-821e-c282c2a8e519,Reider Biddles
159,Chilton,Izaac,cizaac4e@timesonline.co.uk,575-31-4417,,938-498-0984,15dee8cd-92c0-41c1-86d2-818b2de1e48b,Chilton Izaac
160,Pablo,Twelvetrees,ptwelvetrees4f@amazon.co.uk,527-62-7863,,593-171-8157,a884b2c3-5463-45b3-b1de-3dabf13ea0df,Pablo Twelvetrees
161,Hyacinthie,Breadon,hbreadon4g@rediff.com,449-10-5001,,622-956-4435,14a8f92e-21c0-4ad4-aabd-92410818e597,Hyacinthie Breadon
162,Corri,Hirjak,chirjak4h@youku.com,780-08-3397,,693-358-5798,342e91f7-7b25-4d54-a48d-9a7beddcf188,Corri Hirjak
163,Dorey,Husthwaite,dhusthwaite4i@apple.com,407-43-5878,,327-165-5521,2acb3b28-1870-4001-894b-bb2e58d97384,Dorey Husthwaite
164,Mira,Upton,mupton4j@baidu.com,713-95-3453,,628-396-5939,e7568781-592a-45f1-910f-56127afa2eb1,Mira Upton
165,Chevy,Cecil,ccecil4k@blinklist.com,458-20-7943,,977-322-0022,7278a550-a5ff-45e7-ba05-b04d7386e168,Chevy Cecil
166,Gunar,Hinken,ghinken4l@ucoz.ru,372-15-1352,,929-780-6224,e4666937-83d0-41df-bd01-860aa13a9c70,Gunar Hinken
167,Sinclair,Popley,spopley4m@biglobe.ne.jp,655-58-0648,,820-787-8740,f9ddf052-f2c2-44e5-9991-722fda6191db,Sinclair Popley
168,Sayers,Benn,sbenn4n@wunderground.com,339-11-3888,,998-727-2548,73a66242-624f-4688-9169-8cec77c64227,Sayers Benn
169,Jojo,Dudin,jdudin4o@businessweek.com,247-69-4472,,262-584-2083,1c26ceed-5194-4719-ba1a-6e7a8e81bed7,Jojo Dudin
170,Page,Henmarsh,phenmarsh4p@seesaa.net,417-37-9106,,796-836-4301,cdd1edfd-7090-4c62-976e-dbce3ac3b444,Page Henmarsh
171,Alissa,Sperwell,asperwell4q@mysql.com,384-98-4077,,408-485-5204,aecc74bf-67d5-4917-a139-59fb1773ec26,Alissa Sperwell
172,Tiffani,Steagall,tsteagall4r@samsung.com,221-19-6659,,794-344-3351,3a531a8f-ccb5-44b9-84c9-e372f63cacb7,Tiffani Steagall
173,Donielle,Zecchii,dzecchii4s@gravatar.com,114-66-0752,,505-269-4736,6194a1ec-270c-4ef8-8b6e-0110739db3f9,Donielle Zecchii
174,Demetris,Antonio,dantonio4t@t.co,709-43-0557,,685-554-8593,0a5f7c25-a28c-4340-8237-4cb481019cb4,Demetris Antonio
175,Eustacia,Melior,emelior4u@jigsy.com,721-98-3684,,939-375-6476,d793456e-cba5-4868-82b5-ff659d03ff3f,Eustacia Melior
176,Roi,Hayhoe,rhayhoe4v@bluehost.com,640-40-8679,,108-777-6958,29c6c399-d5b9-490f-babf-8b009699b826,Roi Hayhoe
177,Rica,Edmett,redmett4w@princeton.edu,872-46-5967,,230-453-3891,e810e002-88cb-46e9-9ec3-45e9fbf9a8e3,Rica Edmett
178,Tabitha,Kimmings,tkimmings4x@npr.org,432-53-0092,,489-719-8768,41a7c4a3-b233-4310-be64-b79920480e2a,Tabitha Kimmings
179,Ogden,Perschke,operschke4y@sourceforge.net,558-56-7404,,934-477-1806,5f059e66-a91f-4055-a575-c95c9ad144b0,Ogden Perschke
180,Marven,Mattusov,mmattusov4z@bizjournals.com,776-32-0158,,840-154-9289,48993b26-ceba-409c-94c9-9720a2d7a1a8,Marven Mattusov
181,Lenard,Calam,lcalam50@altervista.org,399-54-8023,,460-424-8522,7dbd5ac2-bdaf-4172-891e-57f85bc8cea6,Lenard Calam
182,Gustaf,Damato,gdamato51@fc2.com,829-19-4540,,720-146-1129,eadca97c-e51d-4727-85b4-1556d3c6eaff,Gustaf Damato
183,Gray,Mathouse,gmathouse52@hibu.com,516-70-5872,,306-883-3728,8d2158a2-6b03-47c4-b79f-7e1e3cb7a4e0,Gray Mathouse
184,Pavla,Gravett,pgravett53@foxnews.com,723-71-0429,,718-390-8732,a3cf9411-2923-4891-bcdb-eb2a3d9c7fdf,Pavla Gravett
185,Camellia,Coan,ccoan54@list-manage.com,458-86-3583,,594-484-1630,d49b3b54-4ad8-4343-8832-a01c14f8d563,Camellia Coan
186,Osmond,McDougal,omcdougal55@jiathis.com,535-18-2742,,906-154-4303,4b961d0b-73c3-4d08-b670-ae3fc0b06e17,Osmond McDougal
187,Nyssa,Yashnov,nyashnov56@blog.com,321-53-0935,,862-657-9415,bd176921-277e-4a0a-933f-80be15b975ae,Nyssa Yashnov
188,Adlai,Behrendsen,abehrendsen57@java.com,751-45-2583,,725-782-0315,c2c4a047-88d7-46cd-bab1-693314489f87,Adlai Behrendsen
189,Heinrik,Comi,hcomi58@ycombinator.com,287-21-5540,,202-160-8169,739e0f22-7ad6-47ef-8204-9467ae6c9f5d,Heinrik Comi
190,Beatriz,McAlinion,bmcalinion59@yandex.ru,148-71-8582,,500-680-9731,42cadaca-ae33-4a2c-898e-951b4f2eb447,Beatriz McAlinion
191,Randie,Cottrell,rcottrell5a@facebook.com,736-37-7872,,684-194-7822,de63ee45-eee7-4a22-903b-dcbe31957518,Randie Cottrell
192,Melessa,Cotterel,mcotterel5b@wired.com,143-09-2419,,781-602-7803,3afa681f-d648-45a6-8bfa-6e5e1214d727,Melessa Cotterel
193,Martie,Brozsset,mbrozsset5c@ameblo.jp,588-24-2408,,947-842-8300,3fbb4a3e-1e2f-4f28-9398-7f3b91571490,Martie Brozsset
194,Martie,McFadin,mmcfadin5d@yale.edu,381-86-7603,,405-576-9287,7de7409b-6d6b-4348-bbda-c35942933839,Martie McFadin
195,Cassandry,Marham,cmarham5e@pinterest.com,286-05-6485,,130-674-2557,74a651e4-39de-463c-ba34-ad57403b74f2,Cassandry Marham
196,Bank,Vlasin,bvlasin5f@ftc.gov,179-69-7406,,169-116-0729,30e44e85-7e3f-4082-9e77-11256a41c25a,Bank Vlasin
197,Rabi,Axten,raxten5g@weibo.com,209-16-3060,,624-626-2066,8abe7f0c-9fd7-4193-91ba-eab3a1b68953,Rabi Axten
198,Cornelia,Trawin,ctrawin5h@patch.com,859-69-2290,,895-735-7002,3390745a-5b9f-407a-8db3-6ad206d2f73e,Cornelia Trawin
199,Bruis,Maykin,bmaykin5i@hatena.ne.jp,719-17-8544,,101-569-4754,bee9c0a6-2ea2-453b-a068-8ba9dc9bb7fc,Bruis Maykin
200,Netty,Champerlen,nchamperlen5j@thetimes.co.uk,175-26-2018,,908-856-7740,5540fb57-604c-419d-8d12-e73b3f892764,Netty Champerlen
201,Morly,Tembey,mtembey5k@ebay.com,463-65-2711,,850-665-4579,4538cc02-fe71-40d2-8268-cd3b1cf136cd,Morly Tembey
202,Carlin,Leheude,cleheude5l@google.com.hk,832-80-2558,,408-211-2858,2291b062-c4b1-43c0-81b9-603b181e9186,Carlin Leheude
203,Towney,Niessen,tniessen5m@bbb.org,322-09-2208,,592-921-6657,184189f7-f2ca-4c55-9758-931237882751,Towney Niessen
204,Fern,Abramovitz,fabramovitz5n@fastcompany.com,120-61-2598,,365-324-9175,e7f7fc3d-5be1-4f0f-a564-9409704508e1,Fern Abramovitz
205,Cathrin,Stonebanks,cstonebanks5o@mtv.com,524-30-7680,,268-651-4248,9c4440c4-3ef8-4302-8b6e-d966119cb82a,Cathrin Stonebanks
206,Beauregard,Golden,bgolden5p@alexa.com,576-60-3935,,931-162-7236,eadca97c-e51d-4727-85b4-1556d3c6eaff,Beauregard Golden
207,Yasmin,Champneys,ychampneys5q@xinhuanet.com,105-36-6647,,969-726-5399,895c7fa2-bb08-4f99-9e48-648dfd42b150,Yasmin Champneys
208,Osbert,Lamprecht,olamprecht5r@theatlantic.com,329-45-8190,,860-658-0698,8228a415-f602-4faa-9d25-07d6c417f745,Osbert Lamprecht
209,Andee,Whorf,awhorf5s@biblegateway.com,124-13-0022,,821-146-6361,69bbee79-a44d-40ef-9dc1-09e1947eb624,Andee Whorf
210,Titos,Foulcher,tfoulcher5t@networksolutions.com,119-74-6165,,567-500-1158,11981528-de65-4cd4-a0cb-336e78c5982b,Titos Foulcher
211,Helenelizabeth,Burne,hburne5u@ovh.net,170-89-7345,,335-697-3965,6d596ce7-fc64-4d78-ae09-5ea937de39d1,Helenelizabeth Burne
212,Claiborn,Rings,crings5v@blinklist.com,217-21-7948,,983-532-5768,40e270ea-99a1-465d-8074-a84be5a7533a,Claiborn Rings
213,Shara,O'Cullen,socullen5w@edublogs.org,129-88-8366,,202-393-5263,e4666937-83d0-41df-bd01-860aa13a9c70,Shara O'Cullen
214,Norma,Rontsch,nrontsch5x@youtube.com,434-02-7093,,258-176-7211,6c500ec8-8fb5-4cd1-bb86-25249e86b4be,Norma Rontsch
215,Elana,Wentworth,ewentworth5y@berkeley.edu,629-96-2472,,578-389-4116,9a6298a2-677b-46e3-a7b0-9888ac8db976,Elana Wentworth
216,Cleopatra,Bullon,cbullon5z@nba.com,251-01-8935,,812-217-1424,6d394b60-8b70-49fc-bbf5-97e2be177c93,Cleopatra Bullon
217,Berti,Bowmer,bbowmer60@unc.edu,529-54-1651,,382-874-9087,e4ced094-c809-4009-a29f-894e5db569b1,Berti Bowmer
218,Mariellen,Spridgeon,mspridgeon61@dyndns.org,761-31-9908,,551-226-6294,4e5064fc-eba3-4702-b259-3cb648a7c8d5,Mariellen Spridgeon
219,Ky,Brockherst,kbrockherst62@tamu.edu,320-07-1541,,837-638-1011,f1db953d-1002-4d09-b55d-4d6cd51d7803,Ky Brockherst
220,Evelyn,Cauley,ecauley63@opera.com,344-66-7616,,582-857-8088,049acb3a-8cbf-44d9-a136-d8c8c6bb8584,Evelyn Cauley
221,Mischa,Walpole,mwalpole64@ucoz.com,437-13-1293,,946-737-3317,e2151468-6d80-4eab-8a2a-f58f809707fa,Mischa Walpole
222,Augusta,Gauler,agauler65@deliciousdays.com,765-46-3743,,911-463-1927,3d5126d9-c8c1-43d5-a4de-9d291859db09,Augusta Gauler
223,Mariel,Fee,mfee66@webmd.com,755-32-5754,,231-364-6549,afebe707-509e-461b-92eb-698cc1e984e4,Mariel Fee
224,Myriam,Goady,mgoady67@tmall.com,660-64-5850,,656-941-7757,5bc7e7a1-30b1-47e5-a799-9875837af071,Myriam Goady
225,Carolyn,Inworth,cinworth68@g.co,640-83-5765,,704-619-5453,b80ea2ce-2361-408a-b443-721594cbbb35,Carolyn Inworth
226,Gabbie,Heselwood,gheselwood69@tuttocitta.it,799-72-1052,,841-804-9427,f1db953d-1002-4d09-b55d-4d6cd51d7803,Gabbie Heselwood
227,Catlin,O'Rodane,corodane6a@t-online.de,552-18-8170,,872-718-2907,426cc486-d04a-4013-bdcc-e78eda7ce0b8,Catlin O'Rodane
228,Tiffi,Cattach,tcattach6b@booking.com,306-92-4952,,961-275-6563,7b3d2de3-e172-43f8-81a0-eb3cdc490579,Tiffi Cattach
229,Wallas,Carsey,wcarsey6c@elegantthemes.com,785-40-2395,,749-368-7446,43d20d07-17a3-46e0-8363-88d0ba83f2f0,Wallas Carsey
230,Carlynn,Carnalan,ccarnalan6d@gnu.org,653-23-8396,,255-655-0067,3ce7f303-73e9-44e8-b8a4-9244a93e08df,Carlynn Carnalan
231,Jonathan,Le Pruvost,jle6e@simplemachines.org,734-26-9081,,980-616-4820,28f309e1-c915-4371-9c6e-7884cb29b738,Jonathan Le Pruvost
232,Ardis,Stiegers,astiegers6f@jiathis.com,430-92-2844,,582-229-6437,60a281c1-c9aa-4437-b5c9-679a9a15eb38,Ardis Stiegers
233,Adrianne,McGeoch,amcgeoch6g@patch.com,231-99-8866,,744-866-1074,bc6e99e5-3f82-47e0-ab7d-6649090eb7f1,Adrianne McGeoch
234,Cristie,Weekly,cweekly6h@chronoengine.com,733-56-0455,,869-607-4072,93f86a6a-0199-4e07-a7f8-3b675ad5ce73,Cristie Weekly
235,Coop,O'Scandall,coscandall6i@deliciousdays.com,584-28-3209,,600-959-9105,6332cac6-bcbf-4abd-8d9f-a352d51ba654,Coop O'Scandall
236,Martina,Tinsey,mtinsey6j@auda.org.au,578-90-5634,,362-235-6680,41cfc458-2f23-4fd9-b73c-9890d7993dac,Martina Tinsey
237,Lars,Coppens,lcoppens6k@squidoo.com,753-12-7254,,965-939-4305,98a08052-5625-4fcf-b6bd-17d4790ce32c,Lars Coppens
238,Lief,Rickard,lrickard6l@unblog.fr,484-74-2024,,908-220-4037,ec012f29-c7c9-4fe6-a3d3-21a75eb52808,Lief Rickard
239,Frederica,Billborough,fbillborough6m@nyu.edu,207-88-9233,,875-609-4247,679afcbe-23d7-4375-98cb-91becfed3a52,Frederica Billborough
240,Craggy,Van der Brug,cvan6n@cnet.com,649-66-1547,,947-733-8430,ba74b396-feda-4fbc-a3a5-c1df08b464a9,Craggy Van der Brug
241,Bria,McKellar,bmckellar6o@ustream.tv,453-02-0740,,447-854-5602,4b961d0b-73c3-4d08-b670-ae3fc0b06e17,Bria McKellar
242,Sidney,Gresser,sgresser6p@issuu.com,190-93-6120,,369-594-4787,3ba9cd4c-02af-48ed-813f-a852db8e9d15,Sidney Gresser
243,Ellene,Gilks,egilks6q@themeforest.net,683-65-9199,,357-274-1440,a859528b-5095-4131-876c-f00028cd1149,Ellene Gilks
244,Scotti,Clavey,sclavey6r@harvard.edu,254-38-3941,,177-489-0986,28f309e1-c915-4371-9c6e-7884cb29b738,Scotti Clavey
245,Suzie,Crafter,scrafter6s@mapy.cz,759-49-8983,,199-636-7283,249ec012-7347-4b84-a80f-ae348f147dc2,Suzie Crafter
246,Berty,Streatfeild,bstreatfeild6t@oaic.gov.au,406-78-7492,,879-282-2319,42f9d8cc-faf6-4640-a0d5-d6b920a6f214,Berty Streatfeild
247,Evvy,Kittow,ekittow6u@opera.com,414-59-4546,,830-270-3666,cbf118cd-f39c-4f06-838d-f7cf475de4ed,Evvy Kittow
248,Mike,Laydel,mlaydel6v@phoca.cz,587-98-5654,,259-882-6791,79f25b04-7de4-4a3c-a591-6539a6691cda,Mike Laydel
249,Domingo,Lowdyane,dlowdyane6w@usgs.gov,876-35-4962,,249-853-4700,908c9e00-fea3-4eb3-baea-2132827fc89f,Domingo Lowdyane
250,Humfrey,Fores,hfores6x@bloomberg.com,834-62-2723,,993-753-0697,d4cbb743-fc8e-4c1d-bd25-7e30cd26c9d6,Humfrey Fores
251,Sauncho,Powlett,spowlett6y@who.int,471-61-5451,,664-409-6875,8c74930c-1a78-45df-b6f8-7fa01b9adb98,Sauncho Powlett
252,Adorne,Abramovitz,aabramovitz6z@cmu.edu,170-57-6022,,354-951-7131,f5338a88-0278-43c6-8c7e-0664588d61aa,Adorne Abramovitz
253,Karalee,Marchand,kmarchand70@4shared.com,575-57-0594,,421-157-5635,d5613bbe-b484-48e4-8732-574801e6ea07,Karalee Marchand
254,Alayne,Rable,arable71@nyu.edu,638-03-5736,,825-847-7073,76a5cce5-9822-4ac9-b551-0473cb6f6543,Alayne Rable
255,Bonny,Southerill,bsoutherill72@jugem.jp,892-13-5805,,672-807-2836,bd7808d0-295b-47f6-bd4e-212dc920e506,Bonny Southerill
256,Gussie,Bonifas,gbonifas73@telegraph.co.uk,668-08-1413,,409-425-3430,3d39aaa7-3453-416e-9db7-6fab124904eb,Gussie Bonifas
257,Hermy,Wathen,hwathen74@sun.com,797-18-2386,,919-589-9569,c8c9752c-3eb6-423e-8435-476f2ce712fd,Hermy Wathen
258,Fernanda,Barracks,fbarracks75@dedecms.com,624-76-3509,,710-585-8115,11c59b88-ac20-4fb7-ab2b-27f60e1465d0,Fernanda Barracks
259,Arri,Domerque,adomerque76@apple.com,575-70-6411,,322-909-4951,227f7caa-fae1-46a2-87a4-febb595cd847,Arri Domerque
260,Land,Wolters,lwolters77@lulu.com,601-57-5529,,638-570-8562,951b1e48-f88b-4dee-bcc9-a7c1548b77cf,Land Wolters
261,Salvidor,Cleverley,scleverley78@oakley.com,491-84-4137,,817-176-5708,bbb287d1-46a1-48eb-aa29-dadf08cfce68,Salvidor Cleverley
262,Donn,Lynam,dlynam79@state.tx.us,124-05-3459,,787-576-6752,80c5e889-c13b-4893-b1d5-0b923212bb22,Donn Lynam
263,Valentine,Allston,vallston7a@myspace.com,857-77-2363,,985-504-1825,2291b062-c4b1-43c0-81b9-603b181e9186,Valentine Allston
264,Callida,Lampard,clampard7b@amazon.co.uk,581-61-6241,,467-322-2574,1c26ceed-5194-4719-ba1a-6e7a8e81bed7,Callida Lampard
265,Wilden,Seeviour,wseeviour7c@apache.org,314-94-2278,,367-313-3105,9c4440c4-3ef8-4302-8b6e-d966119cb82a,Wilden Seeviour
266,Chaim,Damato,cdamato7d@diigo.com,429-91-5421,,934-725-1061,34f5f777-16ad-4b83-800b-c7eddd5ddfe0,Chaim Damato
267,Ofelia,Thorndycraft,othorndycraft7e@etsy.com,158-62-1980,,374-651-0098,d49b3b54-4ad8-4343-8832-a01c14f8d563,Ofelia Thorndycraft
268,Renaud,Brosio,rbrosio7f@theglobeandmail.com,360-39-3064,,511-508-4518,bc4632bd-d7f4-4504-aa78-b871dfb5a628,Renaud Brosio
269,Tabbie,Charlick,tcharlick7g@ow.ly,418-79-0482,,502-357-0010,e4ced094-c809-4009-a29f-894e5db569b1,Tabbie Charlick
270,Kaine,Feechum,kfeechum7h@cpanel.net,217-95-1289,,969-331-9101,614760d4-c566-4795-b270-53ffd7b6d8ed,Kaine Feechum
271,Dan,Whyteman,dwhyteman7i@mayoclinic.com,402-73-7636,,136-983-0805,1b538c67-746e-4cee-bc22-662fad0f38d7,Dan Whyteman
272,Gene,Kinavan,gkinavan7j@oakley.com,583-28-9853,,514-978-9416,43d20d07-17a3-46e0-8363-88d0ba83f2f0,Gene Kinavan
273,Tris,Wyeth,twyeth7k@xrea.com,100-21-3794,,528-404-6948,b57815f8-443d-49d8-980a-8e332bad7066,Tris Wyeth
274,Catherin,De La Salle,cde7l@360.cn,878-85-1484,,320-418-2228,10afd9f7-1edf-47c4-a301-b33d5c046b56,Catherin De La Salle
275,Thacher,Ricoald,tricoald7m@yelp.com,583-18-7496,,562-922-0147,6c67ca4f-1ad5-4d25-aaa6-cc276ed886c3,Thacher Ricoald
276,Dione,Cowin,dcowin7n@bloomberg.com,258-08-6096,,142-671-2763,29c6c399-d5b9-490f-babf-8b009699b826,Dione Cowin
277,Julie,Frascone,jfrascone7o@reddit.com,651-47-9843,,436-441-3230,c2c4a047-88d7-46cd-bab1-693314489f87,Julie Frascone
278,Rosette,Josephy,rjosephy7p@themeforest.net,622-23-6405,,504-915-5543,90a22627-7250-433e-9a30-b7556e2a6ba9,Rosette Josephy
279,Regen,Stonman,rstonman7q@diigo.com,771-06-3036,,705-844-1961,89fc68bf-592c-4aea-8861-30a97e0ffc16,Regen Stonman
280,Stern,Wedgwood,swedgwood7r@soup.io,568-12-0223,,680-891-5165,e2151468-6d80-4eab-8a2a-f58f809707fa,Stern Wedgwood
281,Germaine,Moriarty,gmoriarty7s@whitehouse.gov,613-95-7986,,413-464-1802,78873655-bcaf-4f49-bd1e-95efc7ab35e3,Germaine Moriarty
282,Drusy,Goudman,dgoudman7t@msn.com,111-10-4704,,686-888-6392,4a3041a3-4c8b-4e86-9642-22123197291a,Drusy Goudman
283,Constantin,Elsay,celsay7u@fema.gov,287-04-2343,,873-349-2191,b57815f8-443d-49d8-980a-8e332bad7066,Constantin Elsay
284,Frasier,Kitchenman,fkitchenman7v@state.tx.us,833-95-9652,,690-361-8020,ba74b396-feda-4fbc-a3a5-c1df08b464a9,Frasier Kitchenman
285,Jareb,Eyckel,jeyckel7w@independent.co.uk,335-33-4029,,401-723-8266,7c07c1ff-c7f2-4376-bd18-d84b742f8986,Jareb Eyckel
286,Artair,Geibel,ageibel7x@themeforest.net,753-95-5630,,249-244-5736,ee888bd0-372c-4201-9f31-613923e15c91,Artair Geibel
287,Edik,MacKim,emackim7y@clickbank.net,247-01-9603,,672-240-8858,6c29ebdf-f809-4553-8ca9-1db6a1a7cdac,Edik MacKim
288,Vail,Yoodall,vyoodall7z@walmart.com,436-36-1280,,404-278-2360,f18ac0c1-c6e4-4a3b-84a1-ba06bbcee23c,Vail Yoodall
289,Leslie,Livezey,llivezey80@acquirethisname.com,354-13-7305,,699-157-4944,a7696a76-cff9-4c7f-bfab-4a872366dc94,Leslie Livezey
290,Herold,Lamden,hlamden81@ebay.co.uk,662-39-8528,,338-707-1219,a3cf9411-2923-4891-bcdb-eb2a3d9c7fdf,Herold Lamden
291,Florella,Blowfield,fblowfield82@cpanel.net,288-29-3949,,786-627-9628,e8cee452-57b8-43f0-940c-313449664407,Florella Blowfield
292,Josi,Scotchmore,jscotchmore83@weibo.com,697-20-9695,,363-231-9445,36048378-4273-4625-ab2e-59a8a5413c39,Josi Scotchmore
293,Sauncho,Wrettum,swrettum84@tripadvisor.com,579-77-2452,,793-838-1437,82b65dab-c920-41f6-9f41-ff379a4a16a6,Sauncho Wrettum
294,Earvin,Noore,enoore85@addtoany.com,773-48-7502,,669-109-3123,88382d4d-89fa-4117-9291-f72e702d9d3a,Earvin Noore
295,Neala,Cicculini,ncicculini86@gov.uk,678-02-4875,,343-869-9413,698b7601-14b9-4533-82cd-812c2b4c7a4c,Neala Cicculini
296,Lacy,Henrion,lhenrion87@usda.gov,289-22-1168,,994-579-0292,1f6cced9-45bb-4529-b69b-f2e8f557ce44,Lacy Henrion
297,Dorothee,Hovy,dhovy88@squidoo.com,228-57-9706,,538-469-9465,d75d5f76-df8f-4c49-9eae-4a43d4be255d,Dorothee Hovy
298,Jacquelyn,Peller,jpeller89@tinyurl.com,391-74-4314,,952-572-5343,07b64582-11b9-49a3-a020-52224e535f83,Jacquelyn Peller
299,Brittney,Glenton,bglenton8a@pen.io,883-08-3475,,300-811-3481,e9cb9433-5345-4684-9bed-d0adb4dbf311,Brittney Glenton
300,Allys,Wilmore,awilmore8b@imgur.com,896-57-0363,,372-554-8475,6b275126-f82f-42bb-b195-6251508c7427,Allys Wilmore
301,Wade,Fardoe,wfardoe8c@discuz.net,745-60-6118,,577-830-5014,ee9907b0-0928-4bf9-98dc-213e61190b79,Wade Fardoe
302,Benton,Jirik,bjirik8d@livejournal.com,333-31-7853,,875-163-1943,4d126443-12af-4a83-86b6-4d8077c3a919,Benton Jirik
303,Pepita,Klicher,pklicher8e@sourceforge.net,493-93-0973,,104-417-2732,6332cac6-bcbf-4abd-8d9f-a352d51ba654,Pepita Klicher
304,Sean,Chisnell,schisnell8f@utexas.edu,897-14-0622,,188-420-0675,43d20d07-17a3-46e0-8363-88d0ba83f2f0,Sean Chisnell
305,Tildy,Watterson,twatterson8g@mac.com,858-62-8715,,551-963-1911,14a8f92e-21c0-4ad4-aabd-92410818e597,Tildy Watterson
306,Dagny,Hazelhurst,dhazelhurst8h@sciencedirect.com,298-89-8160,,504-852-4974,4a3041a3-4c8b-4e86-9642-22123197291a,Dagny Hazelhurst
307,Malina,Batchley,mbatchley8i@hostgator.com,479-37-3926,,331-326-7277,15b7a919-1130-439c-a279-63a3da696d0a,Malina Batchley
308,Giuseppe,Luker,gluker8j@theglobeandmail.com,358-46-9073,,606-225-4226,56ef648f-430d-408f-b5d3-93891d4283c1,Giuseppe Luker
309,Ruthe,Mallard,rmallard8k@t-online.de,445-55-4381,,807-892-0148,5ae47e91-8ec9-4f79-bfd1-cc489f11d135,Ruthe Mallard
310,Mellicent,Swanston,mswanston8l@bizjournals.com,463-82-5235,,857-666-1756,951b1e48-f88b-4dee-bcc9-a7c1548b77cf,Mellicent Swanston
311,Kalvin,Gennerich,kgennerich8m@bbc.co.uk,279-13-0809,,876-329-0185,ee688ec4-e9bc-4fc8-96cf-93a897dcfbb8,Kalvin Gennerich
312,Flossy,Langmead,flangmead8n@live.com,702-74-0996,,621-394-8834,b2e4dcbf-e970-44dc-870e-db3552aad920,Flossy Langmead
313,Filbert,Pitrelli,fpitrelli8o@dailymail.co.uk,290-85-0591,,868-393-0889,4538cc02-fe71-40d2-8268-cd3b1cf136cd,Filbert Pitrelli
314,Aggie,Laba,alaba8p@oracle.com,692-62-4417,,253-593-1997,9d5fdc26-17f9-4c14-ad90-df5739761062,Aggie Laba
315,Jemimah,Rowthorne,jrowthorne8q@prnewswire.com,659-77-1426,,570-614-3766,679afcbe-23d7-4375-98cb-91becfed3a52,Jemimah Rowthorne
316,Gwenneth,Bridgens,gbridgens8r@wordpress.org,629-22-9046,,508-436-2673,e65ad63b-bd7b-4215-9116-1423c870717b,Gwenneth Bridgens
317,Jillie,Guilbert,jguilbert8s@uiuc.edu,650-17-4163,,422-467-3944,563697fa-5a35-44ff-9e4e-5c356e03f2b5,Jillie Guilbert
318,Elyssa,Allison,eallison8t@ox.ac.uk,878-44-9120,,223-790-9212,46286485-7e4f-4e1c-9a25-82a5f515b50b,Elyssa Allison
319,Blancha,Kirwin,bkirwin8u@webs.com,850-39-6608,,888-693-6957,943e384e-5419-44bb-b39e-574d4ee7d78f,Blancha Kirwin
320,Gustaf,MacDougal,gmacdougal8v@ameblo.jp,326-71-0596,,684-205-0597,d1a56960-5efb-4275-9577-44cfed6d2cea,Gustaf MacDougal
321,Reuven,Heaselgrave,rheaselgrave8w@amazon.co.jp,690-65-0756,,464-645-6502,11981528-de65-4cd4-a0cb-336e78c5982b,Reuven Heaselgrave
322,Melva,Klesel,mklesel8x@alexa.com,247-36-0919,,188-841-9007,86b37456-3257-4d94-9614-975df0cfd1d2,Melva Klesel
323,Tim,Mowne,tmowne8y@disqus.com,457-73-1537,,378-977-0811,39a437a5-7dff-476c-b14d-027ccc05a1ab,Tim Mowne
324,Kylie,Lupson,klupson8z@google.com,871-25-0790,,551-123-5265,cb186b6d-c447-48d4-89aa-79fd2509cf68,Kylie Lupson
325,Fanchon,Simonnet,fsimonnet90@fastcompany.com,871-83-1417,,911-576-7793,c6b212f2-25c0-424d-86f5-06fb0afe7665,Fanchon Simonnet
326,Ilsa,Roeby,iroeby91@nature.com,306-16-4907,,839-684-3922,41cfc458-2f23-4fd9-b73c-9890d7993dac,Ilsa Roeby
327,Kiley,Hayen,khayen92@un.org,245-90-4148,,886-991-9564,3390745a-5b9f-407a-8db3-6ad206d2f73e,Kiley Hayen
328,Isaac,Popping,ipopping93@princeton.edu,347-57-2256,,761-276-1953,3cff2326-d8a3-4fa7-8b9f-9ecb8038d239,Isaac Popping
329,Verine,Alwood,valwood94@google.com.br,570-78-1281,,117-238-2644,0167849a-c589-4174-9bdb-723d048ad46e,Verine Alwood
330,Chris,Rogans,crogans95@acquirethisname.com,824-50-9475,,784-966-0665,c5a39deb-da16-4677-8600-5df93105db1b,Chris Rogans
331,Fancy,Aries,faries96@comcast.net,704-73-6365,,383-424-7828,a12e80db-1016-4d77-b260-6754a4f4f3f4,Fancy Aries
332,Andrus,Padfield,apadfield97@wp.com,459-69-3290,,107-919-7029,32911b8c-5e79-4a92-b824-4768568f0953,Andrus Padfield
333,Barret,MacLaverty,bmaclaverty98@bbb.org,449-83-6625,,462-154-1330,2369a66e-e4c5-4e60-8991-1f0e191f4df0,Barret MacLaverty
334,Keen,Reilingen,kreilingen99@qq.com,238-33-0389,,546-835-2930,1b538c67-746e-4cee-bc22-662fad0f38d7,Keen Reilingen
335,Nilson,Ware,nware9a@hatena.ne.jp,713-84-3015,,292-321-4875,48993b26-ceba-409c-94c9-9720a2d7a1a8,Nilson Ware
336,Oralla,Edards,oedards9b@virginia.edu,142-83-6375,,845-492-6730,52f963d5-c509-4419-8de7-c455a96eb993,Oralla Edards
337,Garold,Whitelock,gwhitelock9c@dell.com,165-07-3779,,130-345-9359,10afd9f7-1edf-47c4-a301-b33d5c046b56,Garold Whitelock
338,Gabriele,Galsworthy,ggalsworthy9d@webmd.com,402-77-8752,,662-487-4649,b92bcef8-d9c9-4126-b77a-d9cd5ca763d8,Gabriele Galsworthy
339,Mauricio,Spick,mspick9e@umn.edu,754-94-0929,,737-741-2012,679afcbe-23d7-4375-98cb-91becfed3a52,Mauricio Spick
340,Noelle,Seear,nseear9f@mysql.com,606-03-5690,,247-580-4581,7dbd5ac2-bdaf-4172-891e-57f85bc8cea6,Noelle Seear
341,Frederic,Zealander,fzealander9g@goodreads.com,393-41-9722,,312-849-9384,71292c49-9074-43db-8018-b6b9a9aa55a2,Frederic Zealander
342,Gibbie,Crankshaw,gcrankshaw9h@purevolume.com,617-48-5115,,590-302-7201,7b858f0b-8bfa-4e73-bb87-07f3bd5892ab,Gibbie Crankshaw
343,Pincas,Gravenell,pgravenell9i@eepurl.com,723-45-3680,,385-176-1388,805cf1c7-2967-4ecd-94f7-d84b86eb2ca7,Pincas Gravenell
344,Mirabella,Dallaway,mdallaway9j@sohu.com,241-18-8655,,771-528-2814,4ff92062-a987-41b8-ae9e-6c9c5c9d7930,Mirabella Dallaway
345,Sargent,Currom,scurrom9k@xrea.com,511-62-1701,,135-898-3063,1c3b08d7-ca55-4226-974e-3113e941cfc6,Sargent Currom
346,Joye,Woolward,jwoolward9l@csmonitor.com,244-71-9701,,809-625-4442,7a6157a5-f3bd-420b-9884-d70426b586ab,Joye Woolward
347,Hyacinthe,Stickles,hstickles9m@kickstarter.com,557-03-0506,,820-581-6244,04367d2e-4229-4f93-aad7-9af3ee1ed058,Hyacinthe Stickles
348,Emyle,Hoggin,ehoggin9n@reuters.com,146-69-3860,,305-775-2582,45ed0067-7910-49b9-996e-1a6955efeb33,Emyle Hoggin
349,Colin,McInnes,cmcinnes9o@tmall.com,431-45-0883,,620-282-2799,c935b060-08ea-4000-babe-150aab63596c,Colin McInnes
350,Janessa,Probbings,jprobbings9p@ted.com,206-99-5259,,382-264-5396,a2cdf30d-fabb-4258-9ab7-359c9de35e6b,Janessa Probbings
351,Emlen,Batten,ebatten9q@nyu.edu,343-39-7308,,474-319-3016,82ea47c0-fffc-4ec0-ba04-52b614f05b46,Emlen Batten
352,Cord,Sandal,csandal9r@people.com.cn,725-08-9370,,122-850-6505,e6e3823c-128d-4b12-aa13-13a8b59166b0,Cord Sandal
353,Renate,Jewkes,rjewkes9s@zimbio.com,621-15-4366,,901-433-4941,34c1d466-6864-4705-896a-bc523a3f0351,Renate Jewkes
354,Frankie,Colbrun,fcolbrun9t@un.org,405-14-4419,,987-276-6287,22e34fd6-2287-4478-9b7a-24901ef28f79,Frankie Colbrun
355,Hermy,Easter,heaster9u@typepad.com,774-99-4475,,320-310-4841,bdfab9fe-1ecc-4ed5-b837-f46618f8ea78,Hermy Easter
356,Daniela,Nalder,dnalder9v@nymag.com,360-41-1885,,414-816-1085,e9cb9433-5345-4684-9bed-d0adb4dbf311,Daniela Nalder
357,Eugenia,Jones,ejones9w@purevolume.com,121-65-9515,,248-469-9892,a29d8bbd-5e15-48d4-8141-e10f74a1c655,Eugenia Jones
358,Billy,Easton,beaston9x@vk.com,769-48-4851,,431-162-8442,abf9c8c0-a921-43ac-acef-3bb5adf427a8,Billy Easton
359,Claudelle,Cordey,ccordey9y@uiuc.edu,302-37-6003,,533-622-8801,964948a2-46ba-4ecd-91b3-1cc24c2f81c2,Claudelle Cordey
360,Jeffry,Calleja,jcalleja9z@latimes.com,100-84-8323,,957-585-1965,c92bbac1-2b20-426d-a75d-89d6a0a7c918,Jeffry Calleja
361,Sibella,Ianilli,sianillia0@multiply.com,331-01-6354,,279-915-2370,ae26d2a1-eabb-4539-a51c-0cd00944f3e7,Sibella Ianilli
362,Jacquelyn,Lucas,jlucasa1@blogtalkradio.com,312-50-9381,,320-997-5411,d49b3b54-4ad8-4343-8832-a01c14f8d563,Jacquelyn Lucas
363,Beatrice,Jacquet,bjacqueta2@ezinearticles.com,224-49-8931,,292-973-0266,286cc414-f8a3-48f6-93cb-26a73b178864,Beatrice Jacquet
364,Kordula,Mapstone,kmapstonea3@shareasale.com,880-56-5664,,492-509-7653,78873655-bcaf-4f49-bd1e-95efc7ab35e3,Kordula Mapstone
365,Bogart,Ceci,bcecia4@buzzfeed.com,509-06-9922,,919-371-5061,597d5b2d-057e-4123-8f5e-23ceb9f65cd2,Bogart Ceci
366,Edlin,Gave,egavea5@usnews.com,159-93-4501,,927-118-4490,45a830c6-5f5e-4444-8ddc-3867cbf172b3,Edlin Gave
367,Nicolais,Kay,nkaya6@reverbnation.com,224-84-4931,,931-889-2018,32911b8c-5e79-4a92-b824-4768568f0953,Nicolais Kay
368,Moss,Learned,mlearneda7@rediff.com,886-86-8539,,917-446-9670,89fc68bf-592c-4aea-8861-30a97e0ffc16,Moss Learned
369,Terri-jo,Hurren,thurrena8@cmu.edu,194-68-1353,,242-928-2094,f1cafcdf-d93b-442e-81d8-30dad61c9d02,Terri-jo Hurren
370,Faunie,Piaggia,fpiaggiaa9@edublogs.org,557-63-1013,,636-234-8734,3ce7f303-73e9-44e8-b8a4-9244a93e08df,Faunie Piaggia
371,Terra,Lewsam,tlewsamaa@virginia.edu,413-22-0459,,961-592-9077,df286fd9-ca73-4c68-b4c1-1ce71f4c202b,Terra Lewsam
372,Merline,Lount,mlountab@tinypic.com,194-71-2799,,513-261-9317,a884b2c3-5463-45b3-b1de-3dabf13ea0df,Merline Lount
373,Cary,Talmadge,ctalmadgeac@springer.com,707-94-1030,,561-326-5370,2acb3b28-1870-4001-894b-bb2e58d97384,Cary Talmadge
374,Guenna,Borthe,gborthead@fc2.com,874-76-9766,,605-191-1056,0754894e-09e4-44c9-ba43-445035b739d7,Guenna Borthe
375,Adena,Lampard,alampardae@cocolog-nifty.com,656-69-3632,,480-948-2603,09d59c63-c05b-4713-8f4f-bc1b5f7a4e4c,Adena Lampard
376,Alfons,Ambrosoli,aambrosoliaf@mail.ru,759-30-8671,,800-796-7478,c1dc76b7-35e7-4567-8cba-b182c7e4485e,Alfons Ambrosoli
377,Aridatha,Schimonek,aschimonekag@microsoft.com,261-90-2269,,960-361-9494,da0a4782-3c7f-43db-81b6-a0cfc0163412,Aridatha Schimonek
378,Sully,Knell,sknellah@accuweather.com,859-11-9230,,749-999-3909,e9cb9433-5345-4684-9bed-d0adb4dbf311,Sully Knell
379,Wynn,Healings,whealingsai@chron.com,108-82-1367,,237-542-0063,b2e4dcbf-e970-44dc-870e-db3552aad920,Wynn Healings
380,Sayer,Lisciardelli,slisciardelliaj@studiopress.com,895-68-0748,,254-576-1152,7331ee0e-4309-4a48-80ab-6aaac83c3549,Sayer Lisciardelli
381,Pietra,Thorley,pthorleyak@nih.gov,686-54-7472,,627-505-2491,45ed0067-7910-49b9-996e-1a6955efeb33,Pietra Thorley
382,Milicent,Folley,mfolleyal@mit.edu,580-32-0935,,169-946-1003,8734d70c-e2ee-448b-a0cf-65b89393ff7b,Milicent Folley
383,Alfonse,Woodfield,awoodfieldam@pcworld.com,255-39-8568,,972-543-4353,36048378-4273-4625-ab2e-59a8a5413c39,Alfonse Woodfield
384,Cammi,Housbey,chousbeyan@simplemachines.org,800-75-4601,,317-230-2313,2451f831-c88b-49fd-8e6c-265418678cf7,Cammi Housbey
385,Noel,Ingleby,ninglebyao@csmonitor.com,850-24-8612,,784-261-5476,4e5064fc-eba3-4702-b259-3cb648a7c8d5,Noel Ingleby
386,Lynnelle,Claire,lclaireap@jiathis.com,522-22-8849,,810-200-8715,292f6b5e-60c2-4159-a3d7-38d0c0aef78c,Lynnelle Claire
387,Mellisa,Trelevan,mtrelevanaq@youtu.be,756-34-7970,,446-402-3293,45a830c6-5f5e-4444-8ddc-3867cbf172b3,Mellisa Trelevan
388,Nolana,Sturdy,nsturdyar@technorati.com,632-07-5379,,538-163-7145,d62885d0-9145-4df5-9aad-5bbc0afad79d,Nolana Sturdy
389,Sephira,McKleod,smckleodas@deviantart.com,584-06-0104,,538-288-4849,c7a2ed72-5c91-485e-8a36-e08f27cf69c7,Sephira McKleod
390,Sinclair,Huyghe,shuygheat@google.nl,469-09-4665,,722-388-6535,ce499589-9870-4c58-a6d9-4d43fbc040fd,Sinclair Huyghe
391,Orly,Yantsurev,oyantsurevau@springer.com,603-09-3182,,442-859-7590,9ad049ff-ed1d-45f8-a842-c9260f575451,Orly Yantsurev
392,Troy,Keelan,tkeelanav@discuz.net,578-32-7559,,909-382-2030,e8cee452-57b8-43f0-940c-313449664407,Troy Keelan
393,Emlynn,Garbett,egarbettaw@ocn.ne.jp,605-65-2189,,346-871-1849,ebc62aa5-f3d9-4283-af26-0cb9ecd1fa2e,Emlynn Garbett
394,Bria,Scrammage,bscrammageax@t.co,129-55-2421,,303-237-2321,c695382a-3a78-4795-a0fa-bbbb98e58c4d,Bria Scrammage
395,Valentine,Teodorski,vteodorskiay@list-manage.com,513-72-1867,,534-475-1933,6c500ec8-8fb5-4cd1-bb86-25249e86b4be,Valentine Teodorski
396,Parry,Jimmes,pjimmesaz@indiegogo.com,154-13-9278,,568-928-6915,6b275126-f82f-42bb-b195-6251508c7427,Parry Jimmes
397,Iggy,Bunker,ibunkerb0@reddit.com,266-22-4067,,268-304-5638,06ccc1f4-5a75-4349-b5f9-68047ca3b1fc,Iggy Bunker
398,Donni,Hedgeman,dhedgemanb1@slate.com,119-74-8242,,863-821-8292,d2b31bd9-cd91-4665-942a-d25e105a722e,Donni Hedgeman
399,Valeda,Drugan,vdruganb2@phpbb.com,272-76-8602,,451-572-9859,286cc414-f8a3-48f6-93cb-26a73b178864,Valeda Drugan
400,Holli,Padwick,hpadwickb3@utexas.edu,290-44-2293,,476-623-5788,6d596ce7-fc64-4d78-ae09-5ea937de39d1,Holli Padwick
401,Philly,Folbigg,pfolbiggb4@spotify.com,674-89-0780,,828-790-4432,5ae47e91-8ec9-4f79-bfd1-cc489f11d135,Philly Folbigg
402,Murry,Hendrikse,mhendrikseb5@1und1.de,397-23-8402,,911-382-5811,ce499589-9870-4c58-a6d9-4d43fbc040fd,Murry Hendrikse
403,Cecilia,Tuma,ctumab6@dion.ne.jp,154-78-1471,,364-228-2545,38c70528-3a56-4bd0-b16e-d2e3831564fd,Cecilia Tuma
404,Durward,Deakes,ddeakesb7@naver.com,328-49-1734,,865-105-5383,53ccd7a0-2a74-4f0f-9cda-9d0585b5a8ed,Durward Deakes
405,Berti,Egle,begleb8@hc360.com,694-05-1341,,962-486-7437,227f7caa-fae1-46a2-87a4-febb595cd847,Berti Egle
406,Vergil,Ashbee,vashbeeb9@ebay.co.uk,105-84-8740,,885-528-2346,0276edf2-6c25-4264-b695-5cc115800538,Vergil Ashbee
407,Wesley,Coalbran,wcoalbranba@imageshack.us,236-18-0739,,709-764-2764,bdf78587-65e6-47a3-b5a5-bf26416cf79b,Wesley Coalbran
408,Stefanie,Cammidge,scammidgebb@dailymail.co.uk,262-61-3297,,138-939-8501,2ec98a4a-93dc-4254-a802-6cb03905880d,Stefanie Cammidge
409,Ezra,Chatelot,echatelotbc@umich.edu,563-57-6862,,783-282-7651,943e384e-5419-44bb-b39e-574d4ee7d78f,Ezra Chatelot
410,Dorry,Medlicott,dmedlicottbd@liveinternet.ru,641-32-8182,,136-571-0413,a7696a76-cff9-4c7f-bfab-4a872366dc94,Dorry Medlicott
411,Dione,Couves,dcouvesbe@rediff.com,670-44-6470,,964-953-1342,90a22627-7250-433e-9a30-b7556e2a6ba9,Dione Couves
412,Corny,Guion,cguionbf@amazon.com,452-03-9642,,901-147-9110,2acb3b28-1870-4001-894b-bb2e58d97384,Corny Guion
413,Vito,Charnock,vcharnockbg@scientificamerican.com,445-78-1566,,900-941-7660,413ab5fb-3e3c-464b-8f6c-f464a23e3fa9,Vito Charnock
414,Sargent,Duprey,sdupreybh@mysql.com,420-98-5218,,728-561-4212,698b7601-14b9-4533-82cd-812c2b4c7a4c,Sargent Duprey
415,Berne,Coverlyn,bcoverlynbi@miitbeian.gov.cn,694-05-6274,,234-954-6973,4ac37072-4f44-4d37-ac27-d5b41d557dc7,Berne Coverlyn
416,Wes,Kynoch,wkynochbj@foxnews.com,750-97-2270,,792-438-0885,6849eca0-ae70-481a-b916-0d2eaf7a565d,Wes Kynoch
417,Melitta,Blowin,mblowinbk@free.fr,861-09-2349,,110-975-6097,3db3b5e8-7431-4e36-a550-e5fe14bc99d3,Melitta Blowin
418,Nicholas,Vicker,nvickerbl@drupal.org,742-70-2040,,765-126-9640,c92bbac1-2b20-426d-a75d-89d6a0a7c918,Nicholas Vicker
419,Cassius,Coulthart,ccoulthartbm@blogger.com,433-03-9928,,750-893-0560,31b19dbc-5bdf-4007-bf9d-021d225b6619,Cassius Coulthart
420,Corrinne,McLeoid,cmcleoidbn@wufoo.com,663-40-4156,,506-214-9141,0ae0a45a-9c61-487a-9528-7d061389bccb,Corrinne McLeoid
421,Regen,Jedrzejewicz,rjedrzejewiczbo@blogs.com,742-44-3101,,951-676-8139,16005794-aa2e-41ee-96ba-d536b80e0a62,Regen Jedrzejewicz
422,Robin,Bartolini,rbartolinibp@marketwatch.com,524-77-8408,,147-440-0466,f1db953d-1002-4d09-b55d-4d6cd51d7803,Robin Bartolini
423,Dorrie,Campsall,dcampsallbq@wufoo.com,688-67-2259,,859-397-1234,7023ee5b-ed5a-4260-8ae1-f4602f6f1d5c,Dorrie Campsall
424,Jenna,Myhan,jmyhanbr@dell.com,494-30-0298,,633-597-1531,079d0d00-b2ae-4416-80ce-2b1c364f4893,Jenna Myhan
425,Giulia,Das,gdasbs@dot.gov,461-97-0450,,167-647-3416,c93cea0c-89ad-4e25-8bdd-f5bd2edcf6fc,Giulia Das
426,Gypsy,Grinham,ggrinhambt@newyorker.com,594-92-4975,,391-948-6170,6a5b0159-dc08-470d-a636-afd4ed6f234e,Gypsy Grinham
427,Derek,Brennan,dbrennanbu@usatoday.com,564-25-6626,,359-268-9897,9f2e612d-4b2a-4d9e-a2ca-62e2caf15dcd,Derek Brennan
428,Heywood,Virgin,hvirginbv@wiley.com,124-74-7465,,256-421-4453,0b0c1120-e77c-4509-8a46-339be515ebbd,Heywood Virgin
429,Emmalyn,Jindra,ejindrabw@sakura.ne.jp,668-78-0702,,706-471-2216,ce499589-9870-4c58-a6d9-4d43fbc040fd,Emmalyn Jindra
430,Dasie,Crummey,dcrummeybx@networksolutions.com,352-86-9257,,576-339-3272,74a651e4-39de-463c-ba34-ad57403b74f2,Dasie Crummey
431,Chet,Acutt,cacuttby@sourceforge.net,189-91-0120,,580-487-7055,ba491671-b088-4a4b-b8f2-866731649713,Chet Acutt
432,Jacquelin,Jeger,jjegerbz@ocn.ne.jp,706-95-5429,,376-414-5458,b49d32ab-74fc-4e5f-b4bd-cf92676ad7a4,Jacquelin Jeger
433,Inesita,Robrow,irobrowc0@nbcnews.com,557-70-3886,,755-418-9517,89f86072-fba4-4d97-bfc2-9803cd83a77e,Inesita Robrow
434,Corbin,Mandel,cmandelc1@slideshare.net,350-22-3197,,497-217-6718,a2d392d2-27a8-47fa-b8d9-b2db1a89f6bf,Corbin Mandel
435,Bibbie,Hadlow,bhadlowc2@slashdot.org,663-53-3501,,384-976-3432,793c4727-eee5-46bd-858d-c3adf4de8cda,Bibbie Hadlow
436,Sandro,Swainger,sswaingerc3@senate.gov,283-66-4000,,315-342-2222,538466a8-6920-4476-bf8b-aebeae6fcb05,Sandro Swainger
437,Filmer,Watkiss,fwatkissc4@nydailynews.com,529-82-4407,,966-388-7688,e6e3823c-128d-4b12-aa13-13a8b59166b0,Filmer Watkiss
438,Wrennie,Macquire,wmacquirec5@xrea.com,621-35-7930,,158-401-7811,13e29208-fc29-41cb-9239-f96c82a70528,Wrennie Macquire
439,Geoff,Neath,gneathc6@amazonaws.com,856-66-1758,,221-488-2773,76a5cce5-9822-4ac9-b551-0473cb6f6543,Geoff Neath
440,Merlina,Grisedale,mgrisedalec7@ox.ac.uk,485-54-1595,,651-641-7090,698b7601-14b9-4533-82cd-812c2b4c7a4c,Merlina Grisedale
441,Cornie,Byng,cbyngc8@mac.com,511-32-8485,,110-552-0599,f1db953d-1002-4d09-b55d-4d6cd51d7803,Cornie Byng
442,Cale,McVeighty,cmcveightyc9@kickstarter.com,330-46-0667,,709-820-2421,88e8c6d9-d5a1-4ff3-b1dc-b729c7e1fb0b,Cale McVeighty
443,Dene,Perassi,dperassica@army.mil,870-54-4489,,212-498-0003,2e4a2fa1-4030-48c0-b090-82ce336100e6,Dene Perassi
444,Lonee,O'Tierney,lotierneycb@mtv.com,172-13-8098,,300-784-9167,8817c6b3-b009-48e4-b47d-378d0d5b7611,Lonee O'Tierney
445,Rancell,Lindenbluth,rlindenbluthcc@topsy.com,116-68-7047,,554-930-3313,0167849a-c589-4174-9bdb-723d048ad46e,Rancell Lindenbluth
446,Vincent,Dominicacci,vdominicaccicd@t.co,323-07-3889,,562-548-4202,fb894136-ceaa-4f3c-83b3-522467c23539,Vincent Dominicacci
447,Hernando,Kettlestring,hkettlestringce@cnet.com,339-17-4635,,794-722-4438,404ec6e1-e047-4c4a-a2ea-619c9d994a30,Hernando Kettlestring
448,Dermot,Varne,dvarnecf@yellowpages.com,794-40-5967,,371-273-0804,56fa55b7-4cf3-48e6-a28f-3e74a7b03331,Dermot Varne
449,Blinni,Sancias,bsanciascg@blogs.com,852-12-9607,,321-682-0786,33e17f7b-d926-4d71-958c-0eecb1d204f2,Blinni Sancias
450,Janice,Lehr,jlehrch@globo.com,627-10-1639,,174-412-4601,c31f1ec3-11fa-4719-a970-8064dda7c01a,Janice Lehr
451,Jacinda,O'Looney,jolooneyci@nsw.gov.au,137-80-7888,,986-701-9185,a7696a76-cff9-4c7f-bfab-4a872366dc94,Jacinda O'Looney
452,Nigel,Casari,ncasaricj@yandex.ru,685-46-8898,,865-624-0151,3c4ebe3e-f0ef-4f84-a70c-3d806aa3e6a1,Nigel Casari
453,Faulkner,Vatini,fvatinick@vinaora.com,151-74-0640,,657-587-9052,c695382a-3a78-4795-a0fa-bbbb98e58c4d,Faulkner Vatini
454,Whitaker,Grichukhanov,wgrichukhanovcl@shinystat.com,252-75-4273,,407-858-7236,286cc414-f8a3-48f6-93cb-26a73b178864,Whitaker Grichukhanov
455,Layton,Witty,lwittycm@imgur.com,268-41-0392,,538-692-3241,b20ee808-327b-40c1-8b44-d7056f456846,Layton Witty
456,Tilly,Adriano,tadrianocn@example.com,506-07-6356,,758-382-3156,286cc414-f8a3-48f6-93cb-26a73b178864,Tilly Adriano
457,Cecelia,Pady,cpadyco@tinypic.com,693-86-6762,,982-677-4099,5ebc5ec5-7e55-414a-a44a-874a5ff78b6a,Cecelia Pady
458,Yuma,Cocking,ycockingcp@kickstarter.com,329-10-1675,,589-834-4648,5ae47e91-8ec9-4f79-bfd1-cc489f11d135,Yuma Cocking
459,Broderic,Butlin,bbutlincq@google.com.br,720-16-2323,,639-776-7826,2291b062-c4b1-43c0-81b9-603b181e9186,Broderic Butlin
460,Garv,Vigars,gvigarscr@about.com,289-83-4098,,662-651-7050,f3b83f42-efc3-4082-a85b-7925f28bf0a8,Garv Vigars
461,Garrott,Bedells,gbedellscs@hubpages.com,534-09-5184,,988-377-8189,e7f7fc3d-5be1-4f0f-a564-9409704508e1,Garrott Bedells
462,Rhodie,Klehn,rklehnct@webeden.co.uk,798-69-4216,,118-393-1290,e6bc3b41-5caa-4eae-b470-53acd804afa0,Rhodie Klehn
463,Risa,Giraudo,rgiraudocu@home.pl,755-48-6910,,593-590-5504,5ebc5ec5-7e55-414a-a44a-874a5ff78b6a,Risa Giraudo
464,Udell,Pascall,upascallcv@aol.com,380-04-0239,,930-514-8907,34de4893-9288-4523-8854-03e72175870b,Udell Pascall
465,Lizabeth,Balshaw,lbalshawcw@aol.com,101-79-3569,,198-221-3266,e4666937-83d0-41df-bd01-860aa13a9c70,Lizabeth Balshaw
466,Jermaine,Ovid,jovidcx@pbs.org,778-06-3404,,749-551-1006,7de7409b-6d6b-4348-bbda-c35942933839,Jermaine Ovid
467,Melisa,Reef,mreefcy@ask.com,270-46-3277,,636-744-9421,9f93c735-e4ee-40c7-8edc-b37c98acf709,Melisa Reef
468,Ragnar,Sonschein,rsonscheincz@cnn.com,868-12-6010,,148-492-7210,e9c10f53-fe6f-4381-a021-1193871892b4,Ragnar Sonschein
469,Franklin,Klemt,fklemtd0@technorati.com,425-46-9957,,419-433-4523,88e8c6d9-d5a1-4ff3-b1dc-b729c7e1fb0b,Franklin Klemt
470,May,Fasset,mfassetd1@state.gov,346-49-4388,,482-621-5223,21e85fed-d507-4afb-85e5-c46ea7d6393e,May Fasset
471,Christine,Ricardon,cricardond2@sciencedirect.com,221-15-2198,,737-362-1157,f4670287-ac58-406d-ae51-2385a89dbc23,Christine Ricardon
472,Merry,Scini,mscinid3@networksolutions.com,102-62-5626,,538-534-3171,bf924907-8133-4676-a57c-53eeff2d7d09,Merry Scini
473,Staford,Isard,sisardd4@bing.com,474-66-6465,,247-117-6619,aede9722-56cb-4a88-96ec-03c530d76d1f,Staford Isard
474,Klemens,O'Doherty,kodohertyd5@usnews.com,431-80-7952,,361-753-8700,426cc486-d04a-4013-bdcc-e78eda7ce0b8,Klemens O'Doherty
475,Marlowe,Applewhaite,mapplewhaited6@scientificamerican.com,124-97-2417,,229-449-0490,3fbb4a3e-1e2f-4f28-9398-7f3b91571490,Marlowe Applewhaite
476,Tull,McMurraya,tmcmurrayad7@netlog.com,528-88-0373,,548-100-7492,42f9d8cc-faf6-4640-a0d5-d6b920a6f214,Tull McMurraya
477,Reynard,Perigoe,rperigoed8@engadget.com,114-41-9194,,891-104-6907,9c4440c4-3ef8-4302-8b6e-d966119cb82a,Reynard Perigoe
478,Lyda,Hutson,lhutsond9@ftc.gov,779-25-7102,,797-196-7708,965fb636-a7cb-47d6-99e7-7ad7f955e736,Lyda Hutson
479,Abner,Bullcock,abullcockda@blog.com,115-80-4623,,609-650-2544,20260a21-a957-4ff2-a04f-9e795513c3bc,Abner Bullcock
480,Malinde,Rizzone,mrizzonedb@topsy.com,519-96-7368,,893-892-7135,bd40c6ad-2709-47e3-bff4-10e2a4cc27b0,Malinde Rizzone
481,Torre,Domaschke,tdomaschkedc@umn.edu,811-80-3723,,117-396-7223,66398096-732a-4ce8-975d-9a67d8b5e5ac,Torre Domaschke
482,Riley,Wallsworth,rwallsworthdd@bandcamp.com,398-33-8879,,716-130-9828,b57815f8-443d-49d8-980a-8e332bad7066,Riley Wallsworth
483,Fidela,Rizzardi,frizzardide@miibeian.gov.cn,239-35-0907,,315-169-3859,9c4440c4-3ef8-4302-8b6e-d966119cb82a,Fidela Rizzardi
484,Waldon,Westraw,wwestrawdf@gov.uk,125-73-2064,,157-441-9571,74a651e4-39de-463c-ba34-ad57403b74f2,Waldon Westraw
485,Nat,Skinn,nskinndg@domainmarket.com,438-34-5643,,313-518-3146,184189f7-f2ca-4c55-9758-931237882751,Nat Skinn
486,Charmian,Beaney,cbeaneydh@google.nl,378-76-2805,,773-693-9605,a884b2c3-5463-45b3-b1de-3dabf13ea0df,Charmian Beaney
487,Dorothee,Poile,dpoiledi@vk.com,875-55-4243,,532-129-9303,ec012f29-c7c9-4fe6-a3d3-21a75eb52808,Dorothee Poile
488,Renie,Baldacchino,rbaldacchinodj@columbia.edu,286-75-3119,,958-109-1461,c5a39deb-da16-4677-8600-5df93105db1b,Renie Baldacchino
489,Rudolfo,Fluck,rfluckdk@netlog.com,359-34-5914,,470-864-6074,27db3557-f8e7-469f-ab30-01287ab5f05f,Rudolfo Fluck
490,Man,Dovey,mdoveydl@smugmug.com,678-06-7724,,415-278-2885,1c26ceed-5194-4719-ba1a-6e7a8e81bed7,Man Dovey
491,Zacharia,Illston,zillstondm@theatlantic.com,736-33-7561,,717-666-9507,90601135-0eac-4048-b0cc-946a031aadac,Zacharia Illston
492,Marlane,Farenden,mfarendendn@washington.edu,626-76-3075,,160-351-7538,6849eca0-ae70-481a-b916-0d2eaf7a565d,Marlane Farenden
493,Silvester,Emig,semigdo@odnoklassniki.ru,324-42-5614,,271-962-5245,b49d32ab-74fc-4e5f-b4bd-cf92676ad7a4,Silvester Emig
494,Beau,Woodroffe,bwoodroffedp@uiuc.edu,501-08-5093,,589-427-4187,c935b060-08ea-4000-babe-150aab63596c,Beau Woodroffe
495,Auberon,Kinglesyd,akinglesyddq@jigsy.com,186-08-9096,,486-694-5741,4d9dbe54-5faf-486a-8960-7b4b388db66e,Auberon Kinglesyd
496,Patrice,Jakeway,pjakewaydr@angelfire.com,117-92-9641,,947-801-9863,fb894136-ceaa-4f3c-83b3-522467c23539,Patrice Jakeway
497,Georgeanne,Winslett,gwinslettds@upenn.edu,895-78-4948,,260-664-6702,342e91f7-7b25-4d54-a48d-9a7beddcf188,Georgeanne Winslett
498,Vally,Garnall,vgarnalldt@squidoo.com,284-22-1969,,868-125-9762,3b499ff1-8e16-4bc0-9324-03aaa2aaaff5,Vally Garnall
499,Bevon,Riddles,briddlesdu@sakura.ne.jp,183-06-9559,,207-318-9922,f50cdf2a-ac11-4d5e-847a-fd7ce1e25de2,Bevon Riddles
500,Kristyn,Goodlatt,kgoodlattdv@goodreads.com,672-24-0380,,546-296-4934,a859528b-5095-4131-876c-f00028cd1149,Kristyn Goodlatt
